name,type,amphoe_id,id
เทศบาลตำบลโคกกรวด,เทศบาลตำบล,3001,3001001
เทศบาลตำบลโคกสูง,เทศบาลตำบล,3001,3001002
เทศบาลตำบลจอหอ,เทศบาลตำบล,3001,3001003
เทศบาลตำบลปรุใหญ่,เทศบาลตำบล,3001,3001004
เทศบาลตำบลโพธิ์กลาง,เทศบาลตำบล,3001,3001005
เทศบาลตำบลหนองไข่น้ำ,เทศบาลตำบล,3001,3001006
เทศบาลตำบลหนองไผ่ล้อม,เทศบาลตำบล,3001,3001007
เทศบาลตำบลหัวทะเล,เทศบาลตำบล,3001,3001008
เทศบาลตำบลเมืองใหม่โคกกรวด,เทศบาลตำบล,3001,3001009
เทศบาลตำบลบ้านใหม่,เทศบาลตำบล,3001,3001010
เทศบาลตำบลสุรนารี,เทศบาลตำบล,3001,3001011
เทศบาลตำบลพุดซา,เทศบาลตำบล,3001,3001012
เทศบาลตำบลบ้านโพธิ์,เทศบาลตำบล,3001,3001013
เทศบาลตำบลไชยมงคล,เทศบาลตำบล,3001,3001014
เทศบาลตำบลตลาด,เทศบาลตำบล,3001,3001015
องค์การบริหารส่วนตำบลหนองบัวศาลา,อบต.,3001,3001016
องค์การบริหารส่วนตำบลจอหอ,อบต.,3001,3001017
องค์การบริหารส่วนตำบลหนองจะบก,อบต.,3001,3001018
องค์การบริหารส่วนตำบลหนองระเวียง,อบต.,3001,3001019
องค์การบริหารส่วนตำบลบ้านเกาะ,อบต.,3001,3001020
องค์การบริหารส่วนตำบลหมื่นไวย,อบต.,3001,3001021
องค์การบริหารส่วนตำบลหนองกระทุ่ม,อบต.,3001,3001022
องค์การบริหารส่วนตำบลมะเริง,อบต.,3001,3001023
องค์การบริหารส่วนตำบลสีมุม,อบต.,3001,3001024
องค์การบริหารส่วนตำบลพะเนา,อบต.,3001,3001025
องค์การบริหารส่วนตำบลพลกรัง,อบต.,3001,3001026
เทศบาลตำบลไทรโยง-ไชยวาล,เทศบาลตำบล,3002,3002001
เทศบาลตำบลจระเข้หิน,เทศบาลตำบล,3002,3002002
เทศบาลตำบลแชะ,เทศบาลตำบล,3002,3002003
เทศบาลตำบลครบุรีใต้,เทศบาลตำบล,3002,3002004
เทศบาลตำบลอรพิมพ์,เทศบาลตำบล,3002,3002005
องค์การบริหารส่วนตำบลแชะ,อบต.,3002,3002006
องค์การบริหารส่วนตำบลเฉลียง,อบต.,3002,3002007
องค์การบริหารส่วนตำบลครบุรี,อบต.,3002,3002008
องค์การบริหารส่วนตำบลโคกกระชาย,อบต.,3002,3002009
องค์การบริหารส่วนตำบลจระเข้หิน,อบต.,3002,3002010
องค์การบริหารส่วนตำบลมาบตะโกเอน,อบต.,3002,3002011
องค์การบริหารส่วนตำบลบ้านใหม่,อบต.,3002,3002012
องค์การบริหารส่วนตำบลลำเพียก,อบต.,3002,3002013
องค์การบริหารส่วนตำบลตะแบกบาน,อบต.,3002,3002014
องค์การบริหารส่วนตำบลสระว่านพระยา,อบต.,3002,3002015
เทศบาลตำบลเสิงสาง,เทศบาลตำบล,3003,3003001
เทศบาลตำบลโนนสมบูรณ์,เทศบาลตำบล,3003,3003002
องค์การบริหารส่วนตำบลเสิงสาง,อบต.,3003,3003003
องค์การบริหารส่วนตำบลสระตะเคียน,อบต.,3003,3003004
องค์การบริหารส่วนตำบลโนนสมบูรณ์,อบต.,3003,3003005
องค์การบริหารส่วนตำบลกุดโบสถ์,อบต.,3003,3003006
องค์การบริหารส่วนตำบลสุขไพบูลย์,อบต.,3003,3003007
องค์การบริหารส่วนตำบลบ้านราษฎร์,อบต.,3003,3003008
เทศบาลตำบลเมืองคง,เทศบาลตำบล,3004,3004001
เทศบาลตำบลเทพาลัย,เทศบาลตำบล,3004,3004002
องค์การบริหารส่วนตำบลเมืองคง,อบต.,3004,3004003
องค์การบริหารส่วนตำบลคูขาด,อบต.,3004,3004004
องค์การบริหารส่วนตำบลเทพาลัย,อบต.,3004,3004005
องค์การบริหารส่วนตำบลตาจั่น,อบต.,3004,3004006
องค์การบริหารส่วนตำบลบ้านปรางค์,อบต.,3004,3004007
องค์การบริหารส่วนตำบลหนองมะนาว,อบต.,3004,3004008
องค์การบริหารส่วนตำบลหนองบัว,อบต.,3004,3004009
องค์การบริหารส่วนตำบลโนนเต็ง,อบต.,3004,3004010
องค์การบริหารส่วนตำบลดอนใหญ่,อบต.,3004,3004011
องค์การบริหารส่วนตำบลขามสมบูรณ์,อบต.,3004,3004012
เทศบาลตำบลบ้านเหลื่อม,เทศบาลตำบล,3005,3005001
องค์การบริหารส่วนตำบลบ้านเหลื่อม,อบต.,3005,3005002
องค์การบริหารส่วนตำบลวังโพธิ์,อบต.,3005,3005003
องค์การบริหารส่วนตำบลโคกกระเบื้อง,อบต.,3005,3005004
องค์การบริหารส่วนตำบลช่อระกา,อบต.,3005,3005005
เทศบาลตำบลจักราช,เทศบาลตำบล,3006,3006001
องค์การบริหารส่วนตำบลจักราช,อบต.,3006,3006002
องค์การบริหารส่วนตำบลทองหลาง,อบต.,3006,3006003
องค์การบริหารส่วนตำบลสีสุก,อบต.,3006,3006004
องค์การบริหารส่วนตำบลหนองขาม,อบต.,3006,3006005
องค์การบริหารส่วนตำบลหนองพลวง,อบต.,3006,3006006
องค์การบริหารส่วนตำบลศรีละกอ,อบต.,3006,3006007
องค์การบริหารส่วนตำบลคลองเมือง,อบต.,3006,3006008
องค์การบริหารส่วนตำบลหินโคน,อบต.,3006,3006009
เทศบาลตำบลโชคชัย,เทศบาลตำบล,3007,3007001
เทศบาลตำบลด่านเกวียน,เทศบาลตำบล,3007,3007002
เทศบาลตำบลท่าเยี่ยม,เทศบาลตำบล,3007,3007003
องค์การบริหารส่วนตำบลกระโทก,อบต.,3007,3007004
องค์การบริหารส่วนตำบลพลับพลา,อบต.,3007,3007005
องค์การบริหารส่วนตำบลท่าอ่าง,อบต.,3007,3007006
องค์การบริหารส่วนตำบลทุ่งอรุณ,อบต.,3007,3007007
องค์การบริหารส่วนตำบลท่าลาดขาว,อบต.,3007,3007008
องค์การบริหารส่วนตำบลท่าจะหลุง,อบต.,3007,3007009
องค์การบริหารส่วนตำบลโชคชัย,อบต.,3007,3007010
องค์การบริหารส่วนตำบลละลมใหม่พัฒนา,อบต.,3007,3007011
องค์การบริหารส่วนตำบลด่านเกวียน,อบต.,3007,3007012
เทศบาลตำบลด่านขุนทด,เทศบาลตำบล,3008,3008001
เทศบาลตำบลหนองกราด,เทศบาลตำบล,3008,3008002
เทศบาลตำบลหนองบัวตะเกียด,เทศบาลตำบล,3008,3008003
องค์การบริหารส่วนตำบลกุดพิมาน,อบต.,3008,3008004
องค์การบริหารส่วนตำบลด่านขุนทด,อบต.,3008,3008005
องค์การบริหารส่วนตำบลด่านนอก,อบต.,3008,3008006
องค์การบริหารส่วนตำบลด่านใน,อบต.,3008,3008007
องค์การบริหารส่วนตำบลตะเคียน,อบต.,3008,3008008
องค์การบริหารส่วนตำบลบ้านเก่า,อบต.,3008,3008009
องค์การบริหารส่วนตำบลบ้านแปรง,อบต.,3008,3008010
องค์การบริหารส่วนตำบลพันชนะ,อบต.,3008,3008011
องค์การบริหารส่วนตำบลสระจรเข้,อบต.,3008,3008012
องค์การบริหารส่วนตำบลหนองกราด,อบต.,3008,3008013
องค์การบริหารส่วนตำบลหนองบัวละคร,อบต.,3008,3008014
องค์การบริหารส่วนตำบลหินดาด,อบต.,3008,3008015
องค์การบริหารส่วนตำบลห้วยบง,อบต.,3008,3008016
องค์การบริหารส่วนตำบลโนนเมืองพัฒนา,อบต.,3008,3008017
องค์การบริหารส่วนตำบลหนองไทร,อบต.,3008,3008018
เทศบาลตำบลโนนไทย,เทศบาลตำบล,3009,3009001
เทศบาลตำบลโคกสวาย,เทศบาลตำบล,3009,3009002
เทศบาลตำบลบัลลังก์,เทศบาลตำบล,3009,3009003
องค์การบริหารส่วนตำบลโนนไทย,อบต.,3009,3009004
องค์การบริหารส่วนตำบลด่านจาก,อบต.,3009,3009005
องค์การบริหารส่วนตำบลกำปัง,อบต.,3009,3009006
องค์การบริหารส่วนตำบลสำโรง,อบต.,3009,3009007
องค์การบริหารส่วนตำบลค้างพลู,อบต.,3009,3009008
องค์การบริหารส่วนตำบลบ้านวัง,อบต.,3009,3009009
องค์การบริหารส่วนตำบลสายออ,อบต.,3009,3009010
องค์การบริหารส่วนตำบลถนนโพธิ์,อบต.,3009,3009011
องค์การบริหารส่วนตำบลมะค่า,อบต.,3009,3009012
เทศบาลตำบลโนนสูง,เทศบาลตำบล,3010,3010001
เทศบาลตำบลดอนหวาย,เทศบาลตำบล,3010,3010002
เทศบาลตำบลตลาดแค,เทศบาลตำบล,3010,3010003
เทศบาลตำบลมะค่า,เทศบาลตำบล,3010,3010004
เทศบาลตำบลด่านคล้า,เทศบาลตำบล,3010,3010005
เทศบาลตำบลใหม่,เทศบาลตำบล,3010,3010006
องค์การบริหารส่วนตำบลโตนด,อบต.,3010,3010007
องค์การบริหารส่วนตำบลบิง,อบต.,3010,3010008
องค์การบริหารส่วนตำบลดอนชมพู,อบต.,3010,3010009
องค์การบริหารส่วนตำบลธารปราสาท,อบต.,3010,3010010
องค์การบริหารส่วนตำบลหลุมข้าว,อบต.,3010,3010011
องค์การบริหารส่วนตำบลพลสงคราม,อบต.,3010,3010012
องค์การบริหารส่วนตำบลจันอัด,อบต.,3010,3010013
องค์การบริหารส่วนตำบลขามเฒ่า,อบต.,3010,3010014
องค์การบริหารส่วนตำบลลำคอหงษ์,อบต.,3010,3010015
องค์การบริหารส่วนตำบลเมืองปราสาท,อบต.,3010,3010016
องค์การบริหารส่วนตำบลลำมูล,อบต.,3010,3010017
เทศบาลตำบลขามสะแกแสง,เทศบาลตำบล,3011,3011001
เทศบาลตำบลหนองหัวฟาน,เทศบาลตำบล,3011,3011002
เทศบาลตำบลโนนเมือง,เทศบาลตำบล,3011,3011003
องค์การบริหารส่วนตำบลขามสะแกแสง,อบต.,3011,3011004
องค์การบริหารส่วนตำบลเมืองนาท,อบต.,3011,3011005
องค์การบริหารส่วนตำบลชีวึก,อบต.,3011,3011006
องค์การบริหารส่วนตำบลพะงาด,อบต.,3011,3011007
องค์การบริหารส่วนตำบลหนองหัวฟาน,อบต.,3011,3011008
องค์การบริหารส่วนตำบลเมืองเกษตร,อบต.,3011,3011009
เทศบาลเมืองบัวใหญ่,เทศบาลเมือง,3012,3012001
เทศบาลตำบลหนองบัวสะอาด,เทศบาลตำบล,3012,3012002
องค์การบริหารส่วนตำบลบัวใหญ่,อบต.,3012,3012003
องค์การบริหารส่วนตำบลห้วยยาง,อบต.,3012,3012004
องค์การบริหารส่วนตำบลเสมาใหญ่,อบต.,3012,3012005
องค์การบริหารส่วนตำบลดอนตะหนิน,อบต.,3012,3012006
องค์การบริหารส่วนตำบลโนนทองหลาง,อบต.,3012,3012007
องค์การบริหารส่วนตำบลกุดจอก,อบต.,3012,3012008
องค์การบริหารส่วนตำบลด่านช้าง,อบต.,3012,3012009
องค์การบริหารส่วนตำบลขุนทอง,อบต.,3012,3012010
องค์การบริหารส่วนตำบลหนองแจ้งใหญ่,อบต.,3012,3012011
เทศบาลตำบลประทาย,เทศบาลตำบล,3013,3013001
องค์การบริหารส่วนตำบลประทาย,อบต.,3013,3013002
องค์การบริหารส่วนตำบลกระทุ่มราย,อบต.,3013,3013003
องค์การบริหารส่วนตำบลวังไม้แดง,อบต.,3013,3013004
องค์การบริหารส่วนตำบลตลาดไทร,อบต.,3013,3013005
องค์การบริหารส่วนตำบลหนองค่าย,อบต.,3013,3013006
องค์การบริหารส่วนตำบลหันห้วยทราย,อบต.,3013,3013007
องค์การบริหารส่วนตำบลดอนมัน,อบต.,3013,3013008
องค์การบริหารส่วนตำบลนางรำ,อบต.,3013,3013009
องค์การบริหารส่วนตำบลโนนเพ็ด,อบต.,3013,3013010
องค์การบริหารส่วนตำบลทุ่งสว่าง,อบต.,3013,3013011
องค์การบริหารส่วนตำบลโคกกลาง,อบต.,3013,3013012
องค์การบริหารส่วนตำบลเมืองโดน,อบต.,3013,3013013
เทศบาลเมืองเมืองปัก,เทศบาลเมือง,3014,3014001
เทศบาลตำบลปักธงชัย,เทศบาลตำบล,3014,3014002
เทศบาลตำบลตะขบ,เทศบาลตำบล,3014,3014003
เทศบาลตำบลนกออก,เทศบาลตำบล,3014,3014004
เทศบาลตำบลบ่อปลาทอง,เทศบาลตำบล,3014,3014005
เทศบาลตำบลลำนางแก้ว,เทศบาลตำบล,3014,3014006
องค์การบริหารส่วนตำบลตะคุ,อบต.,3014,3014007
องค์การบริหารส่วนตำบลโคกไทย,อบต.,3014,3014008
องค์การบริหารส่วนตำบลตะขบ,อบต.,3014,3014009
องค์การบริหารส่วนตำบลดอน,อบต.,3014,3014010
องค์การบริหารส่วนตำบลตูม,อบต.,3014,3014011
องค์การบริหารส่วนตำบลงิ้ว,อบต.,3014,3014012
องค์การบริหารส่วนตำบลสะแกราช,อบต.,3014,3014013
องค์การบริหารส่วนตำบลภูหลวง,อบต.,3014,3014014
องค์การบริหารส่วนตำบลธงชัยเหนือ,อบต.,3014,3014015
องค์การบริหารส่วนตำบลสุขเกษม,อบต.,3014,3014016
องค์การบริหารส่วนตำบลเกษมทรัพย์,อบต.,3014,3014017
เทศบาลตำบลพิมาย,เทศบาลตำบล,3015,3015001
เทศบาลตำบลรังกาใหญ่,เทศบาลตำบล,3015,3015002
องค์การบริหารส่วนตำบลในเมือง,อบต.,3015,3015003
องค์การบริหารส่วนตำบลสัมฤทธิ์,อบต.,3015,3015004
องค์การบริหารส่วนตำบลโบสถ์,อบต.,3015,3015005
องค์การบริหารส่วนตำบลกระเบื้องใหญ่,อบต.,3015,3015006
องค์การบริหารส่วนตำบลท่าหลวง,อบต.,3015,3015007
องค์การบริหารส่วนตำบลชีวาน,อบต.,3015,3015008
องค์การบริหารส่วนตำบลนิคมสร้างตนเอง,อบต.,3015,3015009
องค์การบริหารส่วนตำบลกระชอน,อบต.,3015,3015010
องค์การบริหารส่วนตำบลดงใหญ่,อบต.,3015,3015011
องค์การบริหารส่วนตำบลธารละหลอด,อบต.,3015,3015012
เทศบาลตำบลห้วยแถลง,เทศบาลตำบล,3016,3016001
เทศบาลตำบลหินดาด,เทศบาลตำบล,3016,3016002
เทศบาลตำบลกงรถ,เทศบาลตำบล,3016,3016003
องค์การบริหารส่วนตำบลห้วยแถลง,อบต.,3016,3016004
องค์การบริหารส่วนตำบลทับสวาย,อบต.,3016,3016005
องค์การบริหารส่วนตำบลเมืองพลับพลา,อบต.,3016,3016006
องค์การบริหารส่วนตำบลหลุ่งตะเคียน,อบต.,3016,3016007
องค์การบริหารส่วนตำบลหลุ่งประดู่,อบต.,3016,3016008
องค์การบริหารส่วนตำบลตะโก,อบต.,3016,3016009
องค์การบริหารส่วนตำบลห้วยแคน,อบต.,3016,3016010
เทศบาลตำบลชุมพวง,เทศบาลตำบล,3017,3017001
องค์การบริหารส่วนตำบลชุมพวง,อบต.,3017,3017002
องค์การบริหารส่วนตำบลประสุข,อบต.,3017,3017003
องค์การบริหารส่วนตำบลท่าลาด,อบต.,3017,3017004
องค์การบริหารส่วนตำบลสาหร่าย,อบต.,3017,3017005
องค์การบริหารส่วนตำบลโนนรัง,อบต.,3017,3017006
องค์การบริหารส่วนตำบลหนองหลัก,อบต.,3017,3017007
องค์การบริหารส่วนตำบลโนนตูม,อบต.,3017,3017008
องค์การบริหารส่วนตำบลโนนยอ,อบต.,3017,3017009
เทศบาลตำบลสูงเนิน,เทศบาลตำบล,3018,3018001
เทศบาลตำบลกุดจิก,เทศบาลตำบล,3018,3018002
องค์การบริหารส่วนตำบลสูงเนิน,อบต.,3018,3018003
องค์การบริหารส่วนตำบลเสมา,อบต.,3018,3018004
องค์การบริหารส่วนตำบลโคราช,อบต.,3018,3018005
องค์การบริหารส่วนตำบลบุ่งขี้เหล็ก,อบต.,3018,3018006
องค์การบริหารส่วนตำบลโนนค่า,อบต.,3018,3018007
องค์การบริหารส่วนตำบลโค้งยาง,อบต.,3018,3018008
องค์การบริหารส่วนตำบลมะเกลือเก่า,อบต.,3018,3018009
องค์การบริหารส่วนตำบลมะเกลือใหม่,อบต.,3018,3018010
องค์การบริหารส่วนตำบลนากลาง,อบต.,3018,3018011
องค์การบริหารส่วนตำบลหนองตะไก้,อบต.,3018,3018012
องค์การบริหารส่วนตำบลกุดจิก,อบต.,3018,3018013
เทศบาลตำบลขามทะเลสอ,เทศบาลตำบล,3019,3019001
เทศบาลตำบลพันดุง,เทศบาลตำบล,3019,3019002
องค์การบริหารส่วนตำบลขามทะเลสอ,อบต.,3019,3019003
องค์การบริหารส่วนตำบลโป่งแดง,อบต.,3019,3019004
องค์การบริหารส่วนตำบลหนองสรวง,อบต.,3019,3019005
องค์การบริหารส่วนตำบลบึงอ้อ,อบต.,3019,3019006
เทศบาลเมืองสีคิ้ว,เทศบาลเมือง,3020,3020001
เทศบาลตำบลคลองไผ่,เทศบาลตำบล,3020,3020002
เทศบาลตำบลลาดบัวขาว,เทศบาลตำบล,3020,3020003
เทศบาลตำบลหนองน้ำใส,เทศบาลตำบล,3020,3020004
องค์การบริหารส่วนตำบลสีคิ้ว,อบต.,3020,3020005
องค์การบริหารส่วนตำบลบ้านหัน,อบต.,3020,3020006
องค์การบริหารส่วนตำบลกฤษณา,อบต.,3020,3020007
องค์การบริหารส่วนตำบลลาดบัวขาว,อบต.,3020,3020008
องค์การบริหารส่วนตำบลหนองหญ้าขาว,อบต.,3020,3020009
องค์การบริหารส่วนตำบลกุดน้อย,อบต.,3020,3020010
องค์การบริหารส่วนตำบลวังโรงใหญ่,อบต.,3020,3020011
องค์การบริหารส่วนตำบลมิตรภาพ,อบต.,3020,3020012
องค์การบริหารส่วนตำบลคลองไผ่,อบต.,3020,3020013
องค์การบริหารส่วนตำบลดอนเมือง,อบต.,3020,3020014
องค์การบริหารส่วนตำบลหนองบัวน้อย,อบต.,3020,3020015
เทศบาลเมืองปากช่อง,เทศบาลเมือง,3021,3021001
เทศบาลตำบลกลางดง,เทศบาลตำบล,3021,3021002
เทศบาลตำบลสีมามงคล,เทศบาลตำบล,3021,3021003
เทศบาลตำบลหมูสี,เทศบาลตำบล,3021,3021004
เทศบาลตำบลวังไทร,เทศบาลตำบล,3021,3021005
องค์การบริหารส่วนตำบลปากช่อง,อบต.,3021,3021006
องค์การบริหารส่วนตำบลจันทึก,อบต.,3021,3021007
องค์การบริหารส่วนตำบลวังกะทะ,อบต.,3021,3021008
องค์การบริหารส่วนตำบลหนองสาหร่าย,อบต.,3021,3021009
องค์การบริหารส่วนตำบลขนงพระ,อบต.,3021,3021010
องค์การบริหารส่วนตำบลโป่งตาลอง,อบต.,3021,3021011
องค์การบริหารส่วนตำบลคลองม่วง,อบต.,3021,3021012
องค์การบริหารส่วนตำบลหนองน้ำแดง,อบต.,3021,3021013
องค์การบริหารส่วนตำบลพญาเย็น,อบต.,3021,3021014
เทศบาลตำบลหนองหัวแรต,เทศบาลตำบล,3022,3022001
เทศบาลตำบลแหลมทอง,เทศบาลตำบล,3022,3022002
องค์การบริหารส่วนตำบลหนองบุนนาก,อบต.,3022,3022003
องค์การบริหารส่วนตำบลสารภี,อบต.,3022,3022004
องค์การบริหารส่วนตำบลไทยเจริญ,อบต.,3022,3022005
องค์การบริหารส่วนตำบลลุงเขว้า,อบต.,3022,3022006
องค์การบริหารส่วนตำบลหนองไม้ไผ่,อบต.,3022,3022007
เทศบาลตำบลบึงสำโรง,เทศบาลตำบล,3023,3023001
องค์การบริหารส่วนตำบลแก้งสนามนาง,อบต.,3023,3023002
องค์การบริหารส่วนตำบลโนนสำราญ,อบต.,3023,3023003
องค์การบริหารส่วนตำบลบึงพะไล,อบต.,3023,3023004
เทศบาลตำบลโนนแดง,เทศบาลตำบล,3024,3024001
เทศบาลตำบลวังหิน,เทศบาลตำบล,3024,3024002
องค์การบริหารส่วนตำบลโนนแดง,อบต.,3024,3024003
องค์การบริหารส่วนตำบลโนนตาเถร,อบต.,3024,3024004
องค์การบริหารส่วนตำบลสำพะเนียง,อบต.,3024,3024005
องค์การบริหารส่วนตำบลดอนยาวใหญ่,อบต.,3024,3024006
เทศบาลตำบลศาลเจ้าพ่อ,เทศบาลตำบล,3025,3025001
องค์การบริหารส่วนตำบลวังน้ำเขียว,อบต.,3025,3025002
องค์การบริหารส่วนตำบลวังหมี,อบต.,3025,3025003
องค์การบริหารส่วนตำบลระเริง,อบต.,3025,3025004
องค์การบริหารส่วนตำบลอุดมทรัพย์,อบต.,3025,3025005
องค์การบริหารส่วนตำบลไทยสามัคคี,อบต.,3025,3025006
องค์การบริหารส่วนตำบลสำนักตะคร้อ,อบต.,3026,3026001
องค์การบริหารส่วนตำบลหนองแวง,อบต.,3026,3026002
องค์การบริหารส่วนตำบลบึงปรือ,อบต.,3026,3026003
องค์การบริหารส่วนตำบลวังยายทอง,อบต.,3026,3026004
เทศบาลตำบลเมืองยาง,เทศบาลตำบล,3027,3027001
องค์การบริหารส่วนตำบลกระเบื้องนอก,อบต.,3027,3027002
องค์การบริหารส่วนตำบลละหานปลาค้าว,อบต.,3027,3027003
องค์การบริหารส่วนตำบลโนนอุดม,อบต.,3027,3027004
เทศบาลตำบลพระทองคำ,เทศบาลตำบล,3028,3028001
เทศบาลตำบลสระพระ,เทศบาลตำบล,3028,3028002
องค์การบริหารส่วนตำบลมาบกราด,อบต.,3028,3028003
องค์การบริหารส่วนตำบลพังเทียม,อบต.,3028,3028004
องค์การบริหารส่วนตำบลทัพรั้ง,อบต.,3028,3028005
องค์การบริหารส่วนตำบลหนองหอย,อบต.,3028,3028006
เทศบาลตำบลหนองบัววง,เทศบาลตำบล,3029,3029001
เทศบาลตำบลขุย,เทศบาลตำบล,3029,3029002
เทศบาลตำบลช่องแมว,เทศบาลตำบล,3029,3029003
เทศบาลตำบลบ้านยาง,เทศบาลตำบล,3029,3029004
เทศบาลตำบลไพล,เทศบาลตำบล,3029,3029005
เทศบาลตำบลท่าช้าง,เทศบาลตำบล,3030,3030001
องค์การบริหารส่วนตำบลช้างทอง,อบต.,3030,3030002
องค์การบริหารส่วนตำบลท่าช้าง,อบต.,3030,3030003
องค์การบริหารส่วนตำบลพระพุทธ,อบต.,3030,3030004
องค์การบริหารส่วนตำบลหนองงูเหลือม,อบต.,3030,3030005
องค์การบริหารส่วนตำบลหนองยาง,อบต.,3030,3030006
เทศบาลตำบลสีดา,เทศบาลตำบล,3031,3031001
องค์การบริหารส่วนตำบลสีดา,อบต.,3031,3031002
องค์การบริหารส่วนตำบลโพนทอง,อบต.,3031,3031003
องค์การบริหารส่วนตำบลโนนประดู่,อบต.,3031,3031004
องค์การบริหารส่วนตำบลสามเมือง,อบต.,3031,3031005
องค์การบริหารส่วนตำบลหนองตาดใหญ่,อบต.,3031,3031006
เทศบาลตำบลหนองบัวลาย,เทศบาลตำบล,3032,3032001
องค์การบริหารส่วนตำบลเมืองพะไล,อบต.,3032,3032002
องค์การบริหารส่วนตำบลโนนจาน,อบต.,3032,3032003
องค์การบริหารส่วนตำบลบัวลาย,อบต.,3032,3032004
องค์การบริหารส่วนตำบลหนองหว้า,อบต.,3032,3032005
